id,title,client_id,category,budget,posted_date
1,Incubate B2C Platforms,18,AI,2966,2023-09-24
2,Expedite Holistic Eyeballs,15,Data,3369,2023-10-23
3,Maximize Wireless Functionalities,3,Marketing,4072,2024-06-24
4,Innovate Cutting-Edge Deliverables,3,Design,1977,2025-03-30
5,Synthesize World-Class Models,11,Design,1000,2023-12-06
6,Synthesize 24/365 Users,17,Web Dev,4625,2025-02-27
7,Re-Intermediate Magnetic Synergies,16,Data,4326,2023-08-30
8,Facilitate Turn-Key Vortals,4,Marketing,822,2025-04-12
9,Integrate B2B Portals,10,Web Dev,1326,2024-07-18
10,Expedite B2C Architectures,18,Data,3705,2024-07-06
11,Benchmark Distributed Info-Mediaries,10,Design,2133,2025-01-21
12,Optimize Strategic Deliverables,4,Marketing,2631,2024-06-25
13,Cultivate Revolutionary Partnerships,18,Design,3437,2023-08-30
14,Enhance End-To-End Paradigms,11,Marketing,4352,2024-08-26
15,Monetize Value-Added Systems,18,Cloud,1887,2025-07-21
16,Facilitate Granular Eyeballs,7,Web Dev,2166,2025-06-08
17,Cultivate Ubiquitous Relationships,20,Web Dev,975,2024-04-15
18,Deliver Enterprise Deliverables,18,Design,1796,2025-02-18
19,Deliver Robust Networks,19,Data,1826,2024-02-19
20,Evolve Intuitive E-Commerce,10,Design,3304,2023-10-07
21,Productize Best-Of-Breed Technologies,15,Web Dev,4837,2024-05-06
22,Incubate Next-Generation Info-Mediaries,3,AI,2553,2023-09-30
23,Iterate Integrated Metrics,20,Data,1460,2023-11-09
24,Benchmark Bleeding-Edge Web-Readiness,13,AI,4123,2024-05-12
25,Repurpose Clicks-And-Mortar Roi,11,AI,1932,2025-01-25
26,Monetize Dot-Com Supply-Chains,19,Data,608,2023-08-29
27,Optimize Rich Portals,8,Web Dev,4363,2024-05-01
28,Transition Seamless E-Markets,10,Web Dev,3857,2024-05-03
29,Synergize Integrated Markets,6,Web Dev,4666,2023-12-23
30,Leverage End-To-End Action-Items,7,Data,3051,2023-08-14
31,Envisioneer Open-Source Markets,6,Design,3425,2025-05-12
32,Integrate Compelling E-Markets,2,AI,3683,2024-02-02
33,Orchestrate Holistic Metrics,20,AI,2555,2025-05-04
34,Unleash Strategic Methodologies,9,Web Dev,1756,2024-05-17
35,Scale B2C Convergence,16,Cloud,601,2023-09-30
36,Deploy Robust E-Business,3,Web Dev,4251,2024-11-12
37,Target Integrated Bandwidth,3,Marketing,1147,2025-06-30
38,Streamline Mission-Critical Info-Mediaries,5,Web Dev,3251,2023-11-26
39,Revolutionize B2C Web-Readiness,5,Web Dev,874,2024-01-15
40,Integrate End-To-End Functionalities,2,AI,4959,2023-08-09
41,Harness Sticky Schemas,3,Web Dev,2800,2024-01-13
42,Visualize Cross-Media Solutions,18,Design,1604,2024-12-30
43,Synergize Holistic Initiatives,13,Design,2467,2025-01-11
44,Matrix Leading-Edge E-Business,17,Data,4447,2025-02-25
45,Scale Plug-And-Play E-Business,9,Web Dev,3385,2025-08-04
46,Whiteboard Cross-Platform Experiences,17,Cloud,2858,2025-07-06
47,Embrace Distributed Channels,8,Design,3442,2023-11-10
48,Redefine Integrated Technologies,7,Data,1584,2025-03-09
49,Redefine 24/7 Deliverables,19,Web Dev,3041,2023-08-12
50,Cultivate Dynamic Paradigms,14,Data,3678,2024-03-21
51,Generate Impactful Systems,19,Web Dev,3894,2024-05-19
52,Disintermediate Dynamic Bandwidth,9,AI,1161,2025-01-23
53,Seize Intuitive Paradigms,15,Cloud,512,2023-08-26
54,Productize Revolutionary Models,16,AI,2075,2025-07-31
55,Morph Proactive Deliverables,12,Web Dev,3239,2024-11-18
56,Repurpose Killer E-Services,3,Marketing,1811,2024-02-03
57,Evolve Next-Generation Mindshare,11,Web Dev,2461,2025-06-04
58,Monetize One-To-One Eyeballs,20,Design,2327,2023-11-25
59,Brand Cutting-Edge Infrastructures,4,Web Dev,4171,2023-12-30
60,Re-Contextualize Sticky E-Markets,16,Data,3601,2024-07-24
